,,,,en,,ja,,index,grade,pp,atk,heal,wep,arm,acc,uniques
high-price,,,,High Price,Effect: Increases sell price at shops by a small amount.,高値,効果：お店の買取価格が少し上がる,1,2,1,-1,-1,,,,306
high-price-plus,,,,High Price +,Effect: Increases sell price at shops by a good amount.,高値＋,効果：お店の買取価格がけっこう上がる,2,5,2,-1,-1,,,,
high-price-plus-plus,,,,High Price ++,Effect: Increases sell price at shops by a significant amount.,高値＋＋,効果：お店の買取価格がかなり上がる,3,7,3,-1,-1,,,,
high-class-item,high-price,high-price-plus,,High Class Item,Effect: Increases sell price at shops by a significant amount.,高級品,効果：お店の買取価格がかなり上がる,4,10,2,-1,-1,,,,
rare-item,high-price-plus,high-price-plus-plus,,Rare Item,Effect: Increases sell price at shops by a huge amount.,希少な逸品,効果：お店の買取価格が大きく上がる,5,20,5,-1,-1,,,,
premium-price,high-class-item,rare-item,,Premium Price,Effect: Increases sell price at shops by leaps and bounds.,プレミア価格,効果：お店の買取価格がはね上がる,6,30,7,-1,-1,,,,
equipment-compression,,,,Equipment Compression,Effect: Reduces necessary Search Equipment frames by 1. Cannot be reduced lower than 1.,装備枠圧縮,効果：探索装備の装備枠を１つ減らす。最低でも装備枠は１つになる,7,15,5,-1,-1,,,,
equipment-compression-plus,,,,Equipment Compression+,Effect: Reduces necessary Search Equipment frames by 2. Cannot be reduced lower than 1.,装備枠圧縮＋,効果：探索装備の装備枠を２つ減らす。最低でも装備枠は１つになる,8,30,10,-1,-1,,,,
highest-comp-ratio,equipment-compression,equipment-compression-plus,,Highest Comp Ratio,Effect: Reduces necessary Search Equipment frames by 3. Cannot be reduced lower than 1.,最高圧縮率,効果：探索装備の装備枠を３つ減らす。最低でも装備枠は１つになる,9,60,15,-1,-1,,,,
equipment-expansion,,,,Equipment Expansion,Effect: Increases necessary Search Equipment frames by 1. Item's effect increases by a small amount in exchange.,装備枠拡張,効果：探索装備の装備枠を１つ増やす。代わりに、アイテムの効果が少し上昇する,10,1,1,-1,-1,,,,
equipment-expansion-plus,,,,Equipment Expansion+,Effect: Increases necessary Search Equipment frames by 2. Item's effect increases in exchange.,装備枠拡張＋,効果：探索装備の装備枠を２つ増やす。代わりに、アイテムの効果が上昇する,11,10,4,-1,-1,,,,
highest-expansion-ratio,equipment-expansion,equipment-expansion-plus,,Highest Expansion Ratio,Effect: Increases Search Equipment frames by 4. Instead item's effect increases.,最高拡張率,効果：探索装備の装備枠を４つ増やす代わりに、アイテムの効果が大きく上昇する,12,30,5,-1,-1,,,,
equipment-enhance,,,,Equipment Enhance,Effect: Raises item's effect by equipment frames x 2％.,装備枠で強化,効果：装備枠の大きさ×２％アイテムの効果が上昇する,13,5,2,-1,-1,,,,
equipment-enhance-plus,,,,Equipment Enhance+,Effect: Raises item's effect by equipment frames x 4％.,装備枠で強化＋,効果：装備枠の大きさ×４％アイテムの効果が上昇する,14,15,5,-1,-1,,,,
high-cost-enhance,equipment-enhance,equipment-enhance-plus,,High Cost Enhance,Effect: Raises item's effect by equipment frames x 5％.,高コスト再強化,効果：装備枠の大きさ×５％アイテムの効果が上昇する,15,25,7,-1,-1,,,,
effect-power-increase,,,,Effect Power Increase,Effect: Selecting this property increases the item's effect power by 10％.,効力上昇,効果：調合の潜力選択時に選択すると、アイテムの効力を１０％上昇させる,16,2,1,-1,-1,-1,-1,-1,
effect-power-increase-plus,,,,Effect Power Increase+,Effect: Selecting this property increases the item's effect power by 15％.,効力上昇＋,効果：調合の潜力選択時に選択すると、アイテムの効力を１５％上昇させる,17,5,2,-1,-1,-1,-1,-1,
effect-power-increase-plus-plus,,,,Effect Power Increase++,Effect: Selecting this property increases the item's effect power by 20％.,効力上昇＋＋,効果：調合の潜力選択時に選択すると、アイテムの効力を２０％上昇させる,18,11,4,-1,-1,-1,-1,-1,
well-made,effect-power-increase,effect-power-increase-plus,,Well Made,Effect: Selecting this property increases the item's effect power by 20％.,出来が良い,効果：調合の潜力選択時に選択すると、アイテムの効力を２０％上昇させる,19,10,3,-1,-1,-1,-1,-1,
pro-finish,effect-power-increase-plus,effect-power-increase-plus-plus,,Pro Finish,Effect: Selecting this property increases the item's effect power by 30％.,プロの完成度,効果：調合の潜力選択時に選択すると、アイテムの効力を３０％上昇させる,20,20,6,-1,-1,-1,-1,-1,
super-quality,well-made,pro-finish,,Super Quality,Effect: Selecting this property increases the item's effect power by 50％.,超クオリティ,効果：調合の潜力選択時に選択すると、アイテムの効力を５０％上昇させる,21,40,9,-1,-1,-1,-1,-1,
destructive-power-up,,,,Destructive Power Up,Effect: Increases the effect of attack items by 5％.,破壊力増加,効果：攻撃アイテムの効果が５％上昇する,22,3,1,-1,,,,,
destructive-power-up-plus,,,,Destructive Power Up+,Effect: Increases the effect of attack items by 7％.,破壊力増加＋,効果：攻撃アイテムの効果が７％上昇する,23,6,2,-1,,,,,
destructive-power-up-plus-plus,,,,Destructive Power Up++,Effect: Increases the effect of attack items by 10％.,破壊力増加＋＋,効果：攻撃アイテムの効果が１０％上昇する,24,8,3,-1,,,,,
big-destructive-power,destructive-power-up,destructive-power-up-plus,,Big Destructive Power,Effect: Increases the effect of attack items by 12％.,大きな破壊力,効果：アイテムの効果が、１２％上昇する,25,11,3,-1,,,,,
intense-destruct-power,destructive-power-up-plus,destructive-power-up-plus-plus,,Intense Destruct Power,Effect: Increases the effect of attack items by 17％.,強烈な破壊力,効果：アイテムの効果が、１７％上昇する,26,20,5,-1,,,,,
ultimate-destruct-power,big-destructive-power,intense-destruct-power,,Ultimate Destruct Power,Effect: Increases the effect of attack items by 30％.,究極の破壊力,効果：アイテムの効果が、３０％上昇する,27,40,8,-1,,,,,
fixed-power-enhance,,,,Fixed Power Enhance,Effect: Slightly enhances attack items by a fixed amount. Weaker power results in stronger enhancement.,威力固定強化,効果：攻撃アイテムが、固定値でやや強化される。威力が弱いほど強くなる,28,6,2,-1,,,,,
fixed-power-enhance-plus,,,,Fixed Power Enhance+,Effect: Enhances attack items by a fixed amount. Weaker power results in stronger enhancement.,威力固定強化＋,効果：攻撃アイテムが、固定値で強化される。威力が弱いほど強くなる,29,12,4,-1,,,,,
fixed-power-enhance-plus-plus,,,,Fixed Power Enhance++,Effect: Greatly enhances attack items by a fixed amount. Weaker power results in stronger enhancement.,威力固定強化＋＋,効果：攻撃アイテムが、固定値で大きく強化される。威力が弱いほど強くなる,30,16,6,-1,,,,,
painful-numbers,fixed-power-enhance,fixed-power-enhance-plus,,Painful Numbers,Effect: Enhances attack items by a fixed amount. Weaker power results in stronger enhancement.,実数で痛くなる,アイテムが固定値で強化される。威力が弱いほど強くなる,31,22,6,-1,,,,,
damage-up-numbers,fixed-power-enhance-plus,fixed-power-enhance-plus-plus,,Damage Up Numbers,Effect: Greatly enhances attack items by a fixed amount. Weaker power results in stronger enhancement.,実数でダメージ増加,アイテムが固定値で大きく強化される。威力が弱いほど強くなる,32,30,10,-1,,,,,
huge-damage-numbers,painful-numbers,damage-up-numbers,,Huge Damage Numbers,Effect: Massively enhances attack items by a fixed amount. Weaker power results in stronger enhancement.,実数で大ダメージ,アイテムが固定値で大幅に強化される。威力が弱いほど強くなる,33,50,16,-1,,,,,
healing-power-up,,,,Healing Power Up,Effect: Increases the effect of healing items by 10％.,回復力増加,効果：回復アイテムの効果が１０％上昇する,34,2,1,,-1,,,,
healing-power-up-plus,,,,Healing Power Up+,Effect: Increases the effect of healing items by 15％.,回復力増加＋,効果：回復アイテムの効果が１５％上昇する,35,6,2,,-1,,,,
healing-power-up-plus-plus,,,,Healing Power Up++,Effect: Increases the effect of healing items by 20％.,回復力増加＋＋,効果：回復アイテムの効果が２０％上昇する,36,8,3,,-1,,,,
big-healing-power,healing-power-up,healing-power-up-plus,,Big Healing Power,Effect: Increases the effect of healing items by 25％.,大きな回復量,効果：アイテムの効果が、２５％上昇する,37,11,3,,-1,,,,
intense-healing-power,healing-power-up-plus,healing-power-up-plus-plus,,Intense Healing Power,Effect: Increases the effect of healing items by 35％.,強烈な回復量,効果：アイテムの効果が、３５％上昇する,38,20,5,,-1,,,,
ultimate-healing-power,big-healing-power,intense-healing-power,,Ultimate Healing Power,Effect: Increases the effect of healing items by 50％.,究極の回復量,効果：アイテムの効果が、５０％上昇する,39,40,8,,-1,,,,
fixed-healing-enhance,,,,Fixed Healing Enhance,Effect: Slightly enhances healing items by a fixed amount. Weaker power results in stronger enhancement.,回復固定強化,効果：回復アイテムが固定値でやや強化される。元の威力が弱いほど効果は高い,40,4,2,,-1,,,,
fixed-healing-enhance-plus,,,,Fixed Healing Enhance+,Effect: Enhances healing items by a fixed amount. Weaker power results in stronger enhancement.,回復固定強化＋,効果：回復アイテムが固定値で少し強化される。元の威力が弱いほど効果は高い,41,12,4,,-1,,,,
fixed-healing-enhance-plus-plus,,,,Fixed Healing Enhance++,Effect: Greatly enhances healing items by a fixed amount. Weaker power results in stronger enhancement.,回復固定強化＋＋,効果：回復アイテムが固定値で強化される。元の威力が弱いほど効果は高い,42,16,6,,-1,,,,
enhance-medicine,fixed-healing-enhance,fixed-healing-enhance-plus,,Enhance Medicine,Effect: Enhances healing items by a fixed amount. Weaker power results in stronger enhancement.,薬を強化,アイテムが固定値で少し強化される。元の威力が弱いほど効果は高い,43,22,6,,-1,,,,
greatly-enhance-medicine,fixed-healing-enhance-plus,fixed-healing-enhance-plus-plus,,Greatly Enhance Medicine,Effect: Greatly enhances healing items by a fixed amount. Weaker power results in stronger enhancement.,薬を大きく強化,アイテムが固定値で強化される。元の威力が弱いほど効果は高い,44,30,10,,-1,,,,
fixed-healing-enhance-2,enhance-medicine,greatly-enhance-medicine,,Fixed Healing Enhance,Effect: Massively enhances healing items by a fixed amount. Weaker power results in stronger enhancement.,回復固定超強化,アイテムが固定値で大きく強化される。元の威力が弱いほど効果は高い,45,50,16,,-1,,,,
critical,,,,Critical,Effect: Increases the item's critical chance by 15％.,クリティカル,効果：アイテムが１５％の確率でクリティカルする,46,15,5,-1,-1,,,,
critical-plus,,,,Critical+,Effect: Increases the item's critical chance by 25％.,クリティカル＋,効果：アイテムが２５％の確率でクリティカルする,47,25,9,-1,-1,,,,
critical-plus-plus,,,,Critical++,Effect: Increases the item's critical chance by 35％.,クリティカル＋＋,効果：アイテムが３５％の確率でクリティカルする,48,35,12,-1,-1,,,,
congenial-finish,critical,critical-plus,,Congenial Finish,Effect: Increases the item's critical chance by 40％.,会心の出来,効果：アイテムが４０％の確率でクリティカルする,49,40,14,-1,-1,,,,
highly-critical,critical-plus,critical-plus-plus,,Highly Critical,Effect: Item will always critically hit.,必中クリティカル,効果：アイテムが必ずクリティカルする,50,60,21,-1,-1,,,,
deadly-strike,congenial-finish,highly-critical,,Deadly Strike,"Effect: Item will always critically hit, and result in a kill. (Does not apply to bosses)",一撃必殺,効果：アイテムが必ずクリティカルし、戦闘不能にする（ボスを除く）,51,99,35,-1,,,,,
effect-stability,,,,Effect Stability,"Effect: Reduces the numeric variability of the item, making it easier to get higher numbers.",効果安定,効果：アイテムの乱数の幅が小さくなり、高い値が出やすくなる,52,7,3,-1,-1,,,,
effect-stability-plus,,,,Effect Stability+,"Effect: Halves the numeric variability of the item, making it easier to get higher numbers.",効果安定＋,効果：アイテムの乱数の幅が半分になり、高い値が出やすくなる,53,10,4,-1,-1,,,,
constant-effect,effect-stability,effect-stability-plus,,Constant Effect,"Effect: Removes the numeric variability of the item, always resulting in the highest numbers.",不変の効果,効果：アイテムの乱数の幅が固定となり、必ず高い値が出る,54,20,7,-1,-1,,,,
recycle,,,,Recycle,"Effect: There is a 15％ chance not to consume use count of the item during battle, but it will consume MP instead.",リサイクル,効果：戦闘中、１５％の確率で使用回数が減らなくなるが、ＭＰを少し消費する,55,10,4,-1,-1,,,,
recycle-plus,,,,Recycle+,"Effect: There is a 25％ chance not to consume use count of the item during battle, but it will consume MP instead.",リサイクル＋,効果：戦闘中、２５％の確率で使用回数が減らなくなるが、ＭＰを消費する,56,20,7,-1,-1,,,,
recycle-plus-plus,,,,Recycle++,"Effect: There is a 35％ chance not to consume use count of the item during battle, but it will consume MP instead.",リサイクル＋＋,効果：戦闘中、３５％の確率で使用回数が減らなくなるが、ＭＰを大きく消費する,57,30,10,-1,-1,,,,
low-energy-mode,recycle,recycle-plus,,Low Energy Mode,"Effect: There is a 30％ chance not to consume use count of the item during battle, but it will consume MP instead.",省エネモード,戦闘中、３０％の確率で使用回数が減らなくなるが、ＭＰをかなり消費する,58,30,11,-1,-1,,,,
reuse-resources,recycle-plus,recycle-plus-plus,,Reuse Resources,"Effect: There is a 50％ chance not to consume use count of the item during battle, but it will consume MP instead.",資源を再利用,戦闘中、５０％の確率で使用回数が減らなくなるが、ＭＰを大幅に消費する,59,50,17,-1,-1,,,,
perpetual-motion,low-energy-mode,reuse-resources,,Perpetual Motion,"Effect: Use count of the item will never be consumed during battle, but it will consume MP instead.",永久機関,戦闘中、使用回数が減らなくなるが、ＭＰを非常に多く消費する,60,99,33,-1,-1,,,,
automatic-activation-20,,,,Automatic Activation 20%,"Effect: This item will be used automatically when the alchemist's HP falls below 20％ in battle, but it will consume MP.",自動発動２０％,効果：戦闘中、錬金術士のＨＰが２０％以下になると特性の付いたアイテムが自動的に使用されるが、威力が少し下がる,61,5,2,,-1,,,,
automatic-activation-30,,,,Automatic Activation 30%,"Effect: This item will be used automatically when the alchemist's HP falls below 30％ in battle, but it will consume MP.",自動発動３０％,効果：戦闘中、錬金術士のＨＰが３０％以下になると特性の付いたアイテムが自動的に使用されるが、威力が下がる,62,10,4,,-1,,,,
automatic-activation-50,,,,Automatic Activation 50%,"Effect: This item will be used automatically when the alchemist's HP falls below 50％ in battle, but it will consume MP.",自動発動５０％,効果：戦闘中、錬金術士のＨＰが５０％以下になると特性の付いたアイテムが自動的に使用されるが、威力が大きく下がる,63,15,5,,-1,,,,
use-count-1,,,,Use Count +1,Increases item's use count by 1. Power is reduced by a small amount in exchange.,使用回数＋１,アイテムの使用回数が、１回分増加する。その代わり、威力が少し下がる,64,6,2,-1,-1,,,,
use-count-2,,,,Use Count +2,Increases item's use count by 2. Power is reduced by a fair amount in exchange.,使用回数＋２,アイテムの使用回数が、２回分増加する。その代わり、威力がやや下がる,65,12,4,-1,-1,,,,
large,use-count-1,use-count-2,,Large,Increases item's use count by 3.,大きい,アイテムの使用回数が、３回分増加する,66,24,6,-1,-1,,,,
use-count-minus-1,,,,Use Count -1,Decreases item's use count by 1. Power is increased by a small amount in exchange.,使用回数－１,アイテムの使用回数が、１回分低下する。その代わり、威力が少し上がる,67,6,2,-1,-1,,,,
use-count-minus-2,,,,Use Count -2,Decreases item's use count by 2. Power is increased in exchange.,使用回数－２,アイテムの使用回数が、２回分低下する。その代わり、威力が上がる,68,12,4,-1,-1,,,,
small,use-count-minus-1,use-count-minus-2,,Small,Decreases item's use count by 5. Power is massively increased in exchange.,小さい,アイテムの使用回数が、４回分低下する。その代わり、威力が大幅に上がる,69,24,6,-1,-1,,,,
transfer-pp-3,,,,Transfer PP +3,Increases transfer PP by 3 when this item is used as a material in Synthesis.,引継ぎＰＰ＋３,この潜力のついた材料を使って調合すると、引き継ぎＰＰ枠が３増加する,70,3,2,-1,-1,-1,-1,-1,
transfer-pp-5,,,,Transfer PP +5,Increases transfer PP by 5 when this item is used as a material in Synthesis.,引継ぎＰＰ＋５,この潜力のついた材料を使って調合すると、引き継ぎＰＰ枠が５増加する,71,7,3,-1,-1,-1,-1,-1,
transfer-pp-7,,,,Transfer PP +7,Increases transfer PP by 7 when this item is used as a material in Synthesis.,引継ぎＰＰ＋７,この潜力のついた材料を使って調合すると、引き継ぎＰＰ枠が７増加する,72,10,5,-1,-1,-1,-1,-1,
pp-frame-expansion,transfer-pp-3,transfer-pp-5,,PP Frame Expansion,Increases transfer PP by 8 when this item is used as a material in Synthesis.,ＰＰ枠拡張,調合時、引き継ぎＰＰ枠が８増加する,73,15,5,-1,-1,-1,-1,-1,
pp-efficiency-enhance,transfer-pp-5,transfer-pp-7,,PP Efficiency Enhance,Increases transfer PP by 12 when this item is used as a material in Synthesis.,ＰＰ効率強化,調合時、引き継ぎＰＰ枠が１２増加する,74,25,8,-1,-1,-1,-1,-1,
pp-frame-maximization,pp-frame-expansion,pp-efficiency-enhance,,PP Frame Maximization,Increases transfer PP by 20 when this item is used as a material in Synthesis.,ＰＰ枠極大化,調合時、引き継ぎＰＰ枠が２０増加する,75,40,13,-1,-1,-1,-1,-1,
hp-10,,,,HP +10,Causes armor to increase maximum HP. Effect: Maximum HP increases by 10.,ＨＰ＋１０,防具に最大ＨＰを上昇させる効果を付与する。効果：最大ＨＰが１０上昇する,76,3,1,,,,-1,,
hp-15,,,,HP +15,Causes armor to increase maximum HP. Effect: Maximum HP increases by 15.,ＨＰ＋１５,防具に最大ＨＰを上昇させる効果を付与する。効果：最大ＨＰが１５上昇する,77,6,2,,,,-1,,
hp-25,,,,HP +25,Causes armor to increase maximum HP. Effect: Maximum HP increases by 25.,ＨＰ＋２５,防具に最大ＨＰを上昇させる効果を付与する。効果：最大ＨＰが２５上昇する,78,9,3,,,,-1,,
hp-enhance,hp-10,hp-15,,HP Enhance,Effect: Maximum HP increases by 25.,ＨＰ強化,効果：最大ＨＰが２５上昇する,79,10,3,,,,-1,,
hp-big-increase,hp-15,hp-25,,HP Big Increase,Effect: Maximum HP increases by 40.,ＨＰ大増量,効果：最大ＨＰが４０上昇する,80,15,5,,,,-1,,
hp-huge-enhance,hp-enhance,hp-big-increase,,HP Huge Enhance,Effect: Maximum HP increases by 70.,ＨＰ大幅強化,効果：最大ＨＰが７０上昇する,81,25,8,,,,-1,,
mp-10,,,,MP +10,Causes armor to increase maximum MP. Effect: Maximum MP increases by 10.,ＭＰ＋１０,防具に最大ＭＰを上昇させる効果を付与する。効果：最大ＭＰが１０上昇する,82,2,1,,,,-1,-1,
mp-15,,,,MP +15,Causes armor to increase maximum MP. Effect: Maximum MP increases by 15.,ＭＰ＋１５,防具に最大ＭＰを上昇させる効果を付与する。効果：最大ＭＰが１５上昇する,83,5,2,,,,-1,-1,
mp-25,,,,MP +25,Causes armor to increase maximum MP. Effect: Maximum MP increases by 25.,ＭＰ＋２５,防具に最大ＭＰを上昇させる効果を付与する。効果：最大ＭＰが２５上昇する,84,9,3,,,,-1,-1,
mp-enhance,mp-10,mp-15,,MP Enhance,Effect: Maximum MP increases by 25.,ＭＰ強化,効果：最大ＭＰが２５上昇する,85,10,3,,,,-1,-1,
mp-big-increase,mp-15,mp-25,,MP Big Increase,Effect: Maximum MP increases by 40.,ＭＰ大増量,効果：最大ＭＰが４０上昇する,86,15,5,,,,-1,-1,
mp-huge-enhance,mp-enhance,mp-big-increase,,MP Huge Enhance,Effect: Maximum MP increases by 70.,ＭＰ大幅強化,効果：最大ＭＰが７０上昇する,87,25,8,,,,-1,-1,
parameters-5,,,,Parameters +5%,Causes armor to enhance all stats. Effect: Increases value of base stats by 5％.,パラメータ＋５％,防具に能力を強化する効果を付与する。効果：素の能力値を５％上昇させる,88,5,2,,,,-1,,
parameters-7,,,,Parameters +7%,Causes armor to enhance all stats. Effect: Increases value of base stats by 7％.,パラメータ＋７％,防具に能力を強化する効果を付与する。効果：素の能力値を７％上昇させる,89,10,4,,,,-1,,
parameters-10,,,,Parameters +10%,Causes armor to enhance all stats. Effect: Increases value of base stats by 10％.,パラメータ＋１０％,防具に能力を強化する効果を付与する。効果：素の能力値を１０％上昇させる,90,15,5,,,,-1,,
enhances-the-body,parameters-5,parameters-7,,Enhances the Body,Effect: Increases value of base stats by 10％.,肉体を強化する,効果：素の能力値を１０％上昇させる,91,15,6,,,,-1,,
draws-out-power,parameters-7,parameters-10,,Draws Out Power,Effect: Increases value of base stats by 15％.,身体の力を引き出す,効果：素の能力値を１５％上昇させる,92,25,9,,,,-1,,
evolves-the-body,enhances-the-body,draws-out-power,,Evolves the Body,Effect: Increases value of base stats by 20％.,肉体を超進化させる,効果：素の能力値を２０％上昇させる,93,50,15,,,,-1,,
attack-power-5,,,,Attack Power +5,Causes weapon to enhance attack power. Effect: Increases attack power by 5.,攻撃力＋５,武器の攻撃力を強化する。効果：攻撃力が５上昇する,94,2,1,,,-1,-1,-1,
attack-power-10,,,,Attack Power +10,Causes weapon to enhance attack power. Effect: Increases attack power by 10.,攻撃力＋１０,武器の攻撃力を強化する。効果：攻撃力が１０上昇する,95,5,2,,,-1,-1,-1,
attack-power-15,,,,Attack Power +15,Causes weapon to enhance attack power. Effect: Increases attack power by 15.,攻撃力＋１５,武器の攻撃力を強化する。効果：攻撃力が１５上昇する,96,9,3,,,-1,-1,-1,
attack-enhance,attack-power-5,attack-power-10,,Attack Enhance,Effect: Increases attack power by 15.,攻撃強化,効果：攻撃力が１５上昇する,97,12,3,,,-1,-1,-1,
attack-boost,attack-power-10,attack-power-15,,Attack Boost,Effect: Increases attack power by 25.,攻撃ブースト,効果：攻撃力が２５上昇する,98,30,5,,,-1,-1,-1,
attack-huge-enhance,attack-enhance,attack-boost,,Attack Huge Enhance,Effect: Increases attack power by 40.,攻撃力大幅強化,効果：攻撃力が４０上昇する,99,45,8,,,-1,-1,-1,
defense-5,,,,Defense +5,Causes armor to enhance defense. Effect: Increases defense by 5.,防御力＋５,防具の防御力を強化する。効果：防御力が５上昇する,100,3,1,,,-1,-1,-1,
defense-10,,,,Defense +10,Causes armor to enhance defense. Effect: Increases defense by 10.,防御力＋１０,防具の防御力を強化する。効果：防御力が１０上昇する,101,4,2,,,-1,-1,-1,
defense-15,,,,Defense +15,Causes armor to enhance defense. Effect: Increases defense by 15.,防御力＋１５,防具の防御力を強化する。効果：防御力が１５上昇する,102,9,3,,,-1,-1,-1,
defense-enhance,defense-5,defense-10,,Defense Enhance,Effect: Increases defense by 15.,防御強化,効果：防御力が１５上昇する,103,12,3,,,-1,-1,-1,
defense-boost,defense-10,defense-15,,Defense Boost,Effect: Increases defense by 25.,防御ブースト,効果：防御力が２５上昇する,104,30,5,,,-1,-1,-1,
defense-huge-enhance,defense-enhance,defense-boost,,Defense Huge Enhance,Effect: Increases defense by 40.,防御力大幅強化,効果：防御力が４０上昇する,105,45,8,,,-1,-1,-1,
speed-5,,,,Speed +5,Causes accessory to increase speed. Effect: Increases speed by 5.,素早さ＋５,装飾品に素早さを上げる効果を付与する。効果：素早さが５上昇する,106,1,1,,,-1,-1,-1,
speed-10,,,,Speed +10,Causes accessory to increase speed. Effect: Increases speed by 10.,素早さ＋１０,装飾品に素早さを上げる効果を付与する。効果：素早さが１０上昇する,107,4,2,,,-1,-1,-1,
speed-15,,,,Speed +15,Causes accessory to increase speed. Effect: Increases speed by 15.,素早さ＋１５,装飾品に素早さを上げる効果を付与する。効果：素早さが１５上昇する,108,8,3,,,-1,-1,-1,
speed-enhance,speed-5,speed-10,,Speed Enhance,Effect: Increases speed by 15.,素早さ強化,効果：素早さが１５上昇する,109,12,3,,,-1,-1,-1,
speed-boost,speed-10,speed-15,,Speed Boost,Effect: Increases speed by 25.,素早さブースト,効果：素早さが２５上昇する,110,25,5,,,-1,-1,-1,
speed-huge-enhance,speed-enhance,speed-boost,,Speed Huge Enhance,Effect: Increases speed by 40.,素早さ大幅強化,効果：素早さが４０上昇する,111,40,8,,,-1,-1,-1,
attack-defense-enhance,,,,Attack & Defense Enhance,Effect: Increases attack power and defense by 10.,攻防強化,効果：攻撃力・防御力が１０上昇する,112,10,6,,,-1,-1,-1,
attack-speed-enhance,attack-enhance,speed-enhance,,Attack & Speed Enhance,Effect: Increases attack power and speed by 10.,攻速強化,効果：攻撃力・素早さが１０上昇する,113,10,6,,,-1,-1,-1,
defense-speed-enhance,defense-enhance,speed-enhance,,Defense & Speed Enhance,Effect: Increases defense and speed by 10.,防速強化,効果：防御力・素早さが１０上昇する,114,10,6,,,-1,-1,-1,
stat-enhance,attack-defense-enhance,attack-speed-enhance,defense-speed-enhance,Stat Enhance,Effect: Increases all stats by 15.,能力強化,効果：全ての能力が１５上昇する,115,15,12,,,-1,-1,-1,
attack-defense-boost,,,,Attack & Defense Boost,Effect: Increases attack power and defense by 15.,攻防ブースト,効果：攻撃力・防御力が１５上昇する,116,20,10,,,-1,-1,-1,
attack-speed-boost,attack-boost,speed-boost,,Attack & Speed Boost,Effect: Increases attack power and speed by 15.,攻速ブースト,効果：攻撃力・素早さが１５上昇する,117,20,10,,,-1,-1,-1,
defense-speed-boost,defense-boost,speed-boost,,Defense & Speed Boost,Effect: Increases defense and speed by 15.,防速ブースト,効果：防御力・素早さが１５上昇する,118,20,10,,,-1,-1,-1,
all-stat-boost,attack-defense-boost,attack-speed-boost,defense-speed-boost,All Stat Boost,Effect: Increases all stats by 25.,全能力ブースト,効果：全ての能力が２５上昇する,119,25,20,,,-1,-1,-1,
consumption-10,,,,Consumption -10%,Reduces the consumption of MP. Effect: Reduces MP consumption of skills by 10％.,消費１０％－,消費ＭＰを軽減する効果を付与する。効果：スキルの消費ＭＰを１０％軽減する,120,4,2,,,-1,,-1,
consumption-15,,,,Consumption -15%,Reduces the consumption of MP. Effect: Reduces MP consumption of skills by 15％.,消費１５％－,消費ＭＰを軽減する効果を付与する。効果：スキルの消費ＭＰを１５％軽減する,121,7,3,,,-1,,-1,
consumption-20,,,,Consumption -20%,Reduces the consumption of MP. Effect: Reduces MP consumption of skills by 20％.,消費２０％－,消費ＭＰを軽減する効果を付与する。効果：スキルの消費ＭＰを２０％軽減する,122,10,4,,,-1,,-1,
reduce-mp-consump,consumption-10,consumption-15,,Reduce MP Consump,Effect: Reduces MP consumption of skills by 20％.,消費ＭＰ削減,効果：スキルの消費ＭＰを２０％軽減する,123,10,5,,,-1,,-1,
condense-mp-consump,consumption-15,consumption-20,,Condense MP Consump,Effect: Reduces MP consumption of skills by 30％.,消費ＭＰ圧縮,効果：スキルの消費ＭＰを３０％軽減する,124,20,7,,,-1,,-1,
halve-mp-consump,reduce-mp-consump,condense-mp-consump,,Halve MP Consump,Effect: Reduces MP consumption of skills by 50％.,消費ＭＰ半減,効果：スキルの消費ＭＰを５０％軽減する,125,40,12,,,-1,,-1,
skill-power-5,,,,Skill Power +5%,Increases the power of skills. Effect: Increases skill power and MP consumption by 5％.,技威力５％＋,スキルの威力を上昇させる効果を付与する。効果：スキルの威力と消費ＭＰが５％上昇する,126,4,2,,,-1,,-1,
skill-power-7,,,,Skill Power +7%,Increases the power of skills. Effect: Increases skill power and MP consumption by 7％.,技威力７％＋,スキルの威力を上昇させる効果を付与する。効果：スキルの威力と消費ＭＰが７％上昇する,127,7,3,,,-1,,-1,
skill-power-10,,,,Skill Power +10%,Increases the power of skills. Effect: Increases skill power and MP consumption by 10％.,技威力１０％＋,スキルの威力を上昇させる効果を付与する。効果：スキルの威力と消費ＭＰが１０％上昇する,128,10,4,,,-1,,-1,
skill-power-enhance,skill-power-5,skill-power-7,,Skill Power Enhance,Effect: Increases skill power and MP consumption by 12％.,技威力強化,効果：スキルの威力と消費ＭＰが１２％上昇する,129,10,5,,,-1,,-1,
skill-boost,skill-power-7,skill-power-10,,Skill Boost,Effect: Increases skill power and MP consumption by 17％.,スキルブースト,効果：スキルの威力と消費ＭＰが１７％上昇する,130,20,7,,,-1,,-1,
skill-huge-enhance,skill-power-enhance,skill-boost,,Skill Huge Enhance,Effect: Increases skill power and MP consumption by 30％.,スキル大幅強化,効果：スキルの威力と消費ＭＰが３０％上昇する,131,40,12,,,-1,,-1,
eco-skill,reduce-mp-consump,skill-power-enhance,,Eco Skill,Effect: Increases skill power by 10％.,エコスキル,効果：スキルの威力を、１０％上昇させる,132,15,10,,,-1,,-1,
skill-cost-compression,condense-mp-consump,skill-boost,,Skill Cost Compression,Effect: Increases skill power by 15％.,コスト圧縮スキル,効果：スキルの威力を、１５％上昇させる,133,20,14,,,-1,,-1,
skill-savings,halve-mp-consump,skill-huge-enhance,,Skill Savings,Effect: Increases skill power by 25％.,セービングスキル,効果：スキルの威力を、２５％上昇させる,134,40,24,,,-1,,-1,
cause-poison,,,,Cause Poison,Effect: Has a <CLGR>chance to cause Poison<CLNR> when dealing damage.,毒付与,効果：ダメージを与えた時、にする,135,4,2,-1,,-1,,,
cause-weakness,,,,Cause Weakness,Effect: Has a <CLGR>chance to cause Weakness<CLNR> when dealing damage.,弱体化付与,効果：ダメージを与えた時、にする,136,6,2,-1,,-1,,,
cause-blindness,,,,Cause Blindness,Effect: Has a <CLGR>chance to cause Blindness<CLNR> when dealing damage.,暗闇付与,効果：ダメージを与えた時、にする,137,9,3,-1,,-1,,,
cause-slow,,,,Cause Slow,Effect: Has a <CLGR>chance to cause Slow<CLNR> when dealing damage.,スロウ付与,効果：ダメージを与えた時、にする,138,10,4,-1,,-1,,,
all-stats-5,,,,All Stats +5,Effect: Increases all stats except resistances by 5.,全能力＋５,効果：耐性以外の全ての能力が５上がる,139,3,1,,,,,-1,
all-stats-7,,,,All Stats +7,Effect: Increases all stats except resistances by 7.,全能力＋７,効果：耐性以外の全ての能力が７上がる,140,6,2,,,,,-1,
all-stats-10,,,,All Stats +10,Effect: Increases all stats except resistances by 10.,全能力＋１０,効果：耐性以外の全ての能力が１０上がる,141,9,3,,,,,-1,
all-stats-enhance,all-stats-5,all-stats-7,,All Stats Enhance,Effect: Increases all stats except resistances by 12.,全能力強化,効果：耐性以外の全ての能力が１２上がる,142,15,3,,,,,-1,
all-stats-17,all-stats-7,all-stats-10,,All Stats +17,Effect: Increases all stats except resistances by 17.,全能力＋１７,効果：耐性以外の全ての能力が１７上がる,143,25,5,,,,,-1,
all-stats-power-up,all-stats-enhance,all-stats-17,,All Stats Power Up,Effect: Increases all stats except resistances by 30.,全能の力,効果：耐性以外の全ての能力が３０上がる,144,50,8,,,,,-1,
damage-absorb,,,,Damage Absorb,Effect: 3％ of damage dealt through attacks is absorbed to recover HP.,ダメージ還元,効果：攻撃で与えたダメージの３％だけ、自分のＨＰが回復する,145,4,2,,,-1,,,
damage-absorb-plus,,,,Damage Absorb+,Effect: 5％ of damage dealt through attacks is absorbed to recover HP.,ダメージ還元＋,効果：攻撃で与えたダメージの５％だけ、自分のＨＰが回復する,146,7,3,,,-1,,,
damage-absorb-plus-plus,,,,Damage Absorb++,Effect: 7％ of damage dealt through attacks is absorbed to recover HP.,ダメージ還元＋＋,効果：攻撃で与えたダメージの７％だけ、自分のＨＰが回復する,147,10,4,,,-1,,,
hp-absorb,damage-absorb,damage-absorb-plus,,HP Absorb,Effect: 7％ of damage dealt through attacks is absorbed to recover HP.,ＨＰ吸収,効果：攻撃で与えたダメージの７％だけ、自分のＨＰが回復する,148,15,5,,,-1,,,
vitality-absorb,damage-absorb-plus,damage-absorb-plus-plus,,Vitality Absorb,Effect: 10％ of damage dealt through attacks is absorbed to recover HP.,生命力奪取,効果：攻撃で与えたダメージの１０％だけ、自分のＨＰが回復する,149,25,7,,,-1,,,
soul-absorb,hp-absorb,vitality-absorb,,Soul Absorb,Effect: 15％ of damage dealt through attacks is absorbed to recover HP.,魂を吸収する,効果：攻撃で与えたダメージの１５％だけ、自分のＨＰが回復する,150,50,12,,,-1,,,
property-enhance,,,,Property Enhance,Effect: Enhances the item's effect depending on the strength of Properties present. Stronger Properties cause stronger enhancement.,潜力強化,効果：アイテムについている潜力の強さに応じて、効果が強化される。強い潜力がついているほど強化される,151,10,4,-1,-1,,,,
property-enhance-plus,,,,Property Enhance+,Effect: Enhances the item's effect depending on the strength of Properties present. Stronger Properties cause much stronger enhancement.,潜力強化＋,効果：アイテムについている潜力の強さに応じて、効果が強化される。強い潜力がついているほど大きく強化される,152,20,7,-1,-1,,,,
cost-bonus,,,,Cost Bonus,Effect: Enhances the item's effect depending on the strength of Properties present. Stronger Properties cause vastly stronger enhancement.,コストボーナス,効果：アイテムについている潜力の強さに応じて、効果が強化される。強い潜力がついているほど大幅に強化される,153,40,11,-1,-1,,,,
sharp-thorns,,,,Sharp Thorns,"Launches very sharp thorns, causing large continuous damage to the target.",鋭利なトゲ,非常に鋭くとがったトゲを飛ばし、対象に大きな継続ダメージを与える,154,-1,2,-1,,,,,
carries-heat,,,,Carries Heat,"Induces a superheated state, greatly reducing the target's defense.",熱を帯びる,過熱状態を発生させ、対象の防御力を大きく低下させる,155,-1,5,-1,,,,,
carries-cold,,,,Carries Cold,"Engulfs the target in extremely cold air, greatly reducing their speed.",冷気を帯びる,冷気を帯びた空気で包み込み、対象の素早さを大きく低下させる,156,-1,5,-1,,,,,
carries-electricity,,,,Carries Electricity,"Releases a complex electrical signal affecting the target's nervous system, making them more vulnerable to status conditions.",電気を帯びる,複雑な電気を発生させ、対象の交感神経に働きかけて、状態異常の影響を受けやすい状態にする,157,-1,5,-1,,,,,
steel-thorns,,,,Steel Thorns,Steel thorns ignore defense and deal damage.,鋼のトゲ,鋼鉄のトゲで、防御力を無視したダメージを与える,158,-1,5,-1,,,,,
scorching-earth,,,,Scorching Earth,"Utilizes scorching geothermal heat from the ground, dealing very large continuous damage to the target.",灼熱の地,灼熱の地面から湧き出す地熱を利用し、対象に非常に大きな継続ダメージを与える,159,-1,6,-1,,,,,
dimensional-gap,,,,Dimensional Gap,"Tears a hole into the gap between dimensions, with a chance to instantly KO the target. Does not affect certain enemies.",次元の狭間,次元の狭間に穴を開け、対象を確率で戦闘不能にする。一部の敵には効果が無い,160,-1,6,-1,,,,,
controls-time,,,,Controls Time,"Induces powerful electromagnetic waves, pushing the target's turn back a small amount.",時間操作,強力な電磁波を発生させ、対象の行動順を少しだけ遅らせる,161,-1,6,-1,,,,,
super-rotation,,,,Super Rotation,"Rotates quickly, increasing the chance of a critical effect.",超回転,高速で回転し、効果がクリティカルする確率を上昇させる,162,-1,6,-1,,,,,
freezing-wind,,,,Freezing Wind,"Invokes freezing winds, with a chance to slow the target.",凍てつく風,凍てつく風を起こし、確率で対象をスロウ状態にする,163,-1,6,-1,,,,,
twinkling-stars,,,,Twinkling Stars,"The power of twinkling stars reduces the target's level. Reduced level reduces all stats, as well as damage dealt.",星の瞬き,瞬く星の力で、対象のレベルを低下させ、与えるダメージと全ての能力を低下させる,164,-1,6,-1,,,,,
beast-king-s-blade,,,,Beast King's Blade,"Draws out the Beast King's blade, ignoring defense and dealing damage to the target.",獣王の刃,獣王の刃を引き出し、対象に防御力無視のダメージを与える,165,-1,10,-1,,,,,
tone-of-exhaustion,,,,Tone of Exhaustion,"An exhausting tone reduces the target's attack power, defense, and speed.",脱力の音色,力の抜ける音色で、対象の攻撃力・防御力・素早さを低下させる,166,-1,6,-1,,,,,
weight-of-stones,,,,Weight of Stones,Uses the destructive power of a solid rock to deal fixed damage to the target.,石の重み,硬い石の破壊力で、対象に固定ダメージを与える,167,-1,10,-1,,,,,
barrel-attack,,,,Barrel Attack,A barrel impact deals physical damage to the target.,たる撃,たるの衝撃で、対象に物理属性のダメージを与える,168,-1,6,-1,,,,,
pumpkin-curse,,,,Pumpkin Curse,The pumpkin monster's curse has a chance to induce weakness in the target.,かぼちゃの呪い,かぼちゃおばけの呪いで、対象を確率で弱体化状態にする,169,-1,6,-1,,,,,
purges-enhancements,,,,Purges Enhancements,All absorbing power neutralizes all enhancing status conditions on the target.,強化をはぎとる,全てを吸い込む力で、対象に発生している強化状態を無効化する,170,-1,6,-1,,,,,
ability-enhancement,,,,Ability Enhancement,"Greatly enhances the abilities of an attack item, causing additional damage.",性能強化,攻撃アイテムの性能を大幅に強化し、追加のダメージを発生させる,171,-1,10,-1,,,,,
effective-against-pain,,,,Effective Against Pain,"Is very effective against pain, restoring a small amount of HP to the target.",痛みに効く,痛みによく効き、対象のＨＰを少し回復する,172,-1,1,,-1,,,,
heals-wounds,,,,Heals Wounds,"Heals wounds, restoring HP to the target.",傷を治す,傷を治し、対象のＨＰを回復する,173,-1,2,,-1,,,,
stimulates-the-senses,,,,Stimulates the Senses,"Stimulates the five senses, restoring a small amount of Break value to the target.",五感を刺激,五感を刺激し、対象のブレイク値を少しだけ回復させる,174,-1,2,,-1,,,,
apple-power,,,,Apple Power,The power of apples causes the target to recover MP.,リンゴ力,リンゴの成分で、対象のＭＰを回復する,175,-1,2,,-1,,,,
great-mood,,,,Great Mood,"Causes a great mood, reducing the effectiveness of status ailments.",気分爽快,気分をさわやかにし、状態異常の効果を軽減する,176,-1,2,,-1,,,,
source-of-life,,,,Source of Life,"Activates the source of life, temporarily increasing the maximum HP of the target.",生命の源,生命の源を活性化させ、対象の最大ＨＰを一時的に上昇させる,177,-1,2,,-1,,,,
good-medicine,,,,Good Medicine,"The mere assumption that this is good medicine restores the target's MP, and a small amount of Break value.",良薬の気配,良薬の気配による思い込みで、対象のＭＰを回復させ、ブレイク値が少し回復する,178,-1,4,,-1,,,,
stabilizing,,,,Stabilizing,"Causes a condition of stability, reducing the effect of status ailments.",不変安定,安定した状態を作り出し、状態異常の効果を軽減する,179,-1,2,,-1,,,,
soothing-aroma,,,,Soothing Aroma,A refreshing aroma causes the target to recover from KO. The effect is weak.,薫る癒し,薫りのリフレッシュ効果で、戦闘不能状態を回復する。効果は弱い,180,-1,4,,-1,,,,
traditional-flavor,,,,Traditional Flavor,A traditional flavor causes the target to recover HP.,伝統の味,伝統的な味わいで、対象のＨＰを回復させる,181,-1,8,,-1,,,,
medicinal-properties,,,,Medicinal Properties,Medicinal compounds cause the target to recover from poison and weakness.,薬効成分,薬効成分により、毒状態と弱体化状態を回復する,182,-1,8,,-1,,,,
soothing-flavor,,,,Soothing Flavor,A soothing flavor causes the target to recover a small amount of HP and MP.,薫る味わい,薫り高い味わいで、対象のＨＰとＭＰを少しだけ回復する,183,-1,2,,-1,,,,
golden-flavor,,,,Golden Flavor,The shining golden flavor causes the target to deal additional damage when they score a critical hit.,黄金の味,黄金に輝く味わいで、対象のクリティカル時のダメージを上昇させる,184,-1,4,,-1,,,,
secret-of-life,,,,Secret of Life,The secret of life allows the target to automatically revive once after being KO'd.,生命の秘術,生命の秘術によって、対象が戦闘不能になった後に一度だけ自動で復活させる,185,-1,6,,-1,,,,
fluffy-texture,,,,Fluffy Texture,"The soft, fluffy texture increases the target's defense. This effect lasts for 5 turns.",ふんわり食感,ふんわりした食感で柔軟さを与え、対象の防御力を上昇させる。効果は５回行動するまで持続する,186,-1,6,,-1,,,,
unidentifiable-flavor,,,,Unidentifiable Flavor,An unidentifiable flavor recovers Break value.,正体不明の味,正体不明な味わいによって、ブレイク値を回復させる,187,-1,6,,-1,,,,
cleansing-aura,,,,Cleansing Aura,"A cleansing aura increases attack power, defense, and speed. This effect lasts for 5 turns.",清めのオーラ,清められたオーラで、攻撃力・防御力・素早さが上昇する。効果は５回行動するまで持続する,188,-1,2,,-1,,,,
heals-all,,,,Heals All,Recover from all status ailments.,全てを治す,全ての状態異常を回復させる,189,-1,8,,-1,,,,
opens-the-mind-s-eye,,,,Opens the Mind's Eye,"Opens the mind's eye, increasing the accuracy of attacks.",心眼を開く,心眼を開き、攻撃の命中率を上昇させる,190,-1,8,,-1,,,,
vitality-of-dragons,,,,Vitality of Dragons,"The power of dragons temporarily increases the target's level, increasing their attack power and speed.",竜脈の活力,竜脈の力によって、一時的に対象のレベルを引き上げ、敵に与えるダメージを上昇させる,191,-1,8,,-1,,,,
slag-injection,,,,Slag Injection,An injection of Slag extract causes recovery from KO.,スラグ注入,スラグのエキスを注入し、戦闘不能状態から回復させる,192,-1,4,,-1,,,,
tireless,,,,Tireless,Temporarily reduces the amount of MP consumed when using skills.,疲れ知らず,スキルを使用したときに消費するＭＰの値を一時的に減少させる,193,-1,2,,-1,,,,
goddess-blessing,,,,Goddess' Blessing,The goddess' blessing reduces damage taken by the target by a small amount. Only affects physical and magical damage.,女神の守護,女神の守護によって、対象が受けるダメージを少しだけ軽減する。物理・魔法属性以外の攻撃には効果がない,194,-1,4,,-1,,,,
dispels-disease,,,,Dispels Disease,"Dispels the demons of ill health, recovering from blindness and slow.",病魔退散,病魔を退散させ、暗闇状態とスロウ状態を回復させる,195,-1,6,,-1,,,,
crosses-time,,,,Crosses Time,"Manipulates the flow of time, shortening the wait time after the target's next turn by a small amount.",時を越える,時間の流れを操り、対象の次の行動後の待ち時間を少しだけ短くする,196,-1,6,,-1,,,,
ultimate-craftsmanship,,,,Ultimate Craftsmanship,"Reflects upon exquisite craftsmanship, causing the target to recover a large amount of HP.",究極の出来,究極の出来映えを反映し、対象のＨＰを大きく回復すると共に、ブレイク値を回復する,197,-1,8,,-1,,,,
approaches-the-gods,,,,Approaches the Gods,"Receive the power of the gods, increasing level, attack power, defense, and speed. This effect lasts for 5 turns.",神に近づく,神の力を宿し、レベル・攻撃力・防御力・素早さが上昇する。効果は５回行動するまで持続する,198,-1,8,,-1,,,,
elemental-resistance,,,,Elemental Resistance,"Bestows resistance to the elements, reducing fire, water, wind, and earth damage taken.",元素耐性,元素に対する耐性を与え、火・水・風・土属性のダメージを軽減する,199,-1,5,,-1,,,,
power-of-dragons,,,,Power of Dragons,"Receive the power of dragons, increasing attack power, defense, and speed. This effect grows when facing stronger enemies.",竜の力,竜の力を宿し、一時的に攻撃力・防御力・素早さを上昇させる。この効果は敵が強ければ強いほど大きくなる,200,-1,5,,-1,,,,
hidden-power-of-elixirs,,,,Hidden Power of Elixirs,"Releases the power hidden in the elixir, restoring a large amount of HP and MP.",霊薬の秘めし力,霊薬に秘められた力を解放し、ＨＰとＭＰを大きく回復する,201,-1,6,,-1,,,,
fruit-taste,,,,Fruit Taste,The taste of fruit restores HP with every turn.,果物テイスト,果物の味わいで、行動時にＨＰが回復する効果を与える,202,-1,2,,-1,,,,
area-bonus,,,,Area Bonus,Effect: Increases power by number of affected targets x 5％.,範囲ボーナス,効果：効果範囲の対象×５％、威力がアップする,203,8,3,-1,-1,,,,
area-bonus-plus,,,,Area Bonus+,Effect: Increases power by number of affected targets x 10％.,範囲ボーナス＋,効果：効果範囲の対象×１０％、威力がアップする,204,12,4,-1,-1,,,,
effect-up-vs-multiple,area-bonus,area-bonus-plus,,Effect Up vs Multiple,Effect: Increases power by number of affected targets x 15％.,複数に効果増大,効果：効果範囲の対象×１５％、威力がアップする,205,35,7,-1,-1,,,,
small-number-bonus,,,,Small Number Bonus,Effect: Increases power by 10 ÷ number of affected targets ％.,少数ボーナス,効果：１０÷効果範囲の対象％、威力がアップする,206,8,3,-1,-1,,,,
small-number-bonus-plus,,,,Small Number Bonus+,Effect: Increases power by 15 ÷ number of affected targets ％.,少数ボーナス＋,効果：１５÷効果範囲の対象％、威力がアップする,207,12,4,-1,-1,,,,
effect-up-vs-single,small-number-bonus,small-number-bonus-plus,,Effect Up vs Single,Effect: Increases power by 25 ÷ number of affected targets ％.,単体に効果増大,効果：２５÷効果範囲の対象％、威力がアップする,208,40,7,-1,-1,,,,
use-up-enhance,,,,Use Up Enhance,Effect: Increases power when use count remaining is 1 by 15％.,使い切り強化,効果：使用回数が１回の時に、威力が１５％アップする,209,8,3,-1,-1,,,,
use-up-enhance-plus,,,,Use Up Enhance+,Effect: Increases power when use count remaining is 1 by 20％.,使い切り強化＋,効果：使用回数が１回の時に、威力が２０％アップする,210,12,4,-1,-1,,,,
final-attack,use-up-enhance,use-up-enhance-plus,,Final Attack,Effect: Increases power when use count remaining is 1 by 35％.,最後の一撃,効果：使用回数が１回の時に、威力が３５％アップする,211,40,7,-1,-1,,,,
quick-use,,,,Quick Use,Effect: Wait time after using item is shortened by 10％. Power is slightly reduced in exchange.,高速使用,効果：アイテム使用時のＷＴの戻り値が、１０％短縮される。代わりに、威力がわずかに低下する,212,10,4,-1,-1,,,,
quick-use-plus,,,,Quick Use+,Effect: Wait time after using item is shortened by 20％. Power is reduced by a small amount in exchange.,高速使用＋,効果：アイテム使用時のＷＴの戻り値が、２０％短縮される。代わりに、威力が少しだけ低下する,213,20,7,-1,-1,,,,
sonic-throw,quick-use,quick-use-plus,,Sonic Throw,Effect: Wait time after using item is shortened by 30％. Power is reduced by a small amount.,ソニックスロー,効果：アイテム使用時の効果が少し減少し、ＷＴの戻り値が３０％短縮される,214,50,11,-1,-1,,,,
count-compression,,,,Count Compression,"Effect: The item is completely used up in a single use during battle, but its power increases by use count x 2％.",回数圧縮,効果：戦闘中、１回でアイテムを使い切る代わりに、使用回数×２％威力が増加する,215,8,3,-1,-1,,,,
count-compression-plus,,,,Count Compression+,"Effect: The item is completely used up in a single use during battle, but its power increases by use count x 4％.",回数圧縮＋,効果：戦闘中、１回でアイテムを使い切る代わりに、使用回数×４％威力が増加する,216,12,4,-1,-1,,,,
forced-exhaustion,count-compression,count-compression-plus,,Forced Exhaustion,"Effect: The item is completely used up in a single use during battle, but its power increases by use count x 6％.",強制使い切り,効果：戦闘中、１回でアイテムを使い切る代わりに、使用回数×６％威力が増加する,217,10,7,-1,-1,,,,
count-bonus,,,,Count Bonus,Effect: Increases item's power by use count x 1％.,回数補正,効果：アイテムの威力が、使用回数×１％増加する,218,8,3,-1,-1,,,,
count-bonus-plus,,,,Count Bonus+,Effect: Increases item's power by use count x 2％.,回数補正＋,効果：アイテムの威力が、使用回数×２％増加する,219,12,4,-1,-1,,,,
count-boost,count-bonus,count-bonus-plus,,Count Boost,Effect: Increases item's power by use count x 3％.,カウントブースト,効果：アイテムの威力が、使用回数×３％増加する,220,50,7,-1,-1,,,,
time-effect,,,,Time Effect,Effect: Turns the healing item into a heal over time effect. It persists for 1 turn. Wait time after use is increased by 50％ in exchange.,タイム型化,効果：回復アイテムの効果をタイム型にする。持続ターンは１ターン。その代わりに威力が２０％低下する,221,10,4,,-1,,,,
time-effect-plus,,,,Time Effect+,Effect: Turns the healing item into a heal over time effect. It persists for 2 turns. Wait time after use is increased by 75％ in exchange.,タイム型化＋,効果：回復アイテムの効果をタイム型にする。持続ターンは２ターン。その代わりに威力が３０％低下する,222,20,7,,-1,,,,
item-clone,time-effect,time-effect-plus,,Item Clone,Effect: Turns the healing item into a heal over time effect. It persists for 3 turns. Wait time after use is doubled in exchange.,アイテムクローン,効果：回復アイテムの効果をタイム型にする。３ターン持続し、威力が５０％低下する,223,40,11,,-1,,,,
traditional-soul,,,,Traditional Soul,A traditional soul enhances the material it inhabits. Effect: Increases transfer PP by 50.,伝承のソウル,伝承のソウルが、宿った物質を強化する。効果：引継ぎＰＰ枠が５０上昇する,224,50,17,-1,-1,-1,-1,-1,
fire-spirit-soul,,,,Fire Spirit Soul,A fire spirit soul enhances the material it inhabits. Effect: Increases <CLGR>HP and attack power<CLNR>.,火霊のソウル,火霊のソウルが、宿った物質を強化する。効果：上昇,225,60,20,,,,,-1,
water-spirit-soul,,,,Water Spirit Soul,A water spirit soul enhances the material it inhabits. Effect: Increases <CLGR>MP and defense<CLNR>.,水霊のソウル,水霊のソウルが、宿った物質を強化する。効果：上昇,226,60,20,,,,,-1,
wind-spirit-soul,,,,Wind Spirit Soul,A wind spirit soul enhances the material it inhabits. Effect: Increases <CLGR>critical bonus and accuracy<CLNR>.,風霊のソウル,風霊のソウルが、宿った物質を強化する。効果：上昇,227,60,20,,,,,-1,
earth-spirit-soul,,,,Earth Spirit Soul,An earth spirit soul enhances the material it inhabits. Effect: Bestows <CLGR>turn delay resistance and increases assist recovery rate<CLNR>.,土霊のソウル,土霊のソウルが、宿った物質を強化する。効果：,228,60,20,,,,,-1,
light-god-soul,,,,Light God Soul,A light god soul enhances the material it inhabits. Effect: Bestows <CLGR>damage reversal<CLNR> and neutralizes all status ailments.,白き神のソウル,白き神のソウルが、宿った物質を強化する。効果：・全状態異常無効,229,75,25,,,,,-1,
dark-god-soul,,,,Dark God Soul,A dark god soul enhances the material it inhabits. Effect: Bestows <CLGR>speed increase and reduces skill wait time<CLNR>.,黒き神のソウル,黒き神のソウルが、宿った物質を強化する。効果：,230,75,25,,,,,-1,
lord-of-day-soul,,,,Lord of Day Soul,A lord of day soul enhances the material it inhabits. Effect: Bestows <CLGR>HP regeneration and a chance to avoid KO<CLNR>.,昼の主のソウル,昼の主のソウルが、宿った物質を強化する。効果：<CLGR>ＨＰ再生、確率戦闘不能回避,231,75,25,,,,,-1,
lord-of-night-soul,,,,Lord of Night Soul,A lord of night soul enhances the material it inhabits. Effect: Increases <CLGR>critical hit chance<CLNR> and has a chance to reduce wait time.,夜の主のソウル,夜の主のソウルが、宿った物質を強化する。効果：・確率待機時間短縮,232,75,25,,,,,-1,
holy-soul,,,,Holy Soul,A holy soul enhances the material it inhabits. Effect: Bestows <CLGR>damage conversion and reduces physical damage taken<CLNR>.,聖心のソウル,聖心のソウルが、宿った物質を強化する。効果：,233,99,33,,,,,-1,
demon-soul,,,,Demon Soul,A demonic soul enhances the material it inhabits. Effect: Bestows <CLGR>massive attack power increase and massive HP loss per turn<CLNR>.,魔心のソウル,魔心のソウルが、宿った物質を強化する。効果：,234,99,33,,,,,-1,
sunlight-soul,,,,Sunlight Soul,A sunlight soul enhances the material it inhabits. Effect: Increases all stats except for resistances and <CLGR>fire and water resistance<CLNR>.,太陽光のソウル,太陽光のソウルが、宿った物質を強化する。効果：耐性以外の全ての能力・上昇,235,60,20,,,,,-1,
moonlight-soul,,,,Moonlight Soul,A moonlight soul enhances the material it inhabits. Effect: Increases all stats except for resistances and <CLGR>wind and earth resistance<CLNR>.,月光のソウル,月光のソウルが、宿った物質を強化する。効果：耐性以外の全ての能力・上昇,236,60,20,,,,,-1,
star-soul,,,,Star Soul,"A star soul enhances the material it inhabits. Effect: <CLGR>Swaps HP and MP, and increases evasion rate<CLNR>.",星人のソウル,星人のソウルが、宿った物質を強化する。効果：,237,60,20,,,,,-1,
sky-soul,,,,Sky Soul,A sky soul enhances the material it inhabits. Effect: Increases <CLGR>Assist effects and Burst Gauge fill rate<CLNR>.,空人のソウル,空人のソウルが、宿った物質を強化する。効果：上昇,238,60,20,,,,,-1,
valorous-soul,,,,Valorous Soul,A valorous soul enhances the material it inhabits. Effect: Greatly increases skill power and adds Break value.,武勇のソウル,武勇のソウルが、宿った物質を強化する。効果：スキル威力大幅増＆ブレイク値加算,239,120,40,,,-1,,,
champion-soul,,,,Champion Soul,A champion soul enhances the material it inhabits. Effect: Adds damage and causes status changes.,覇軍のソウル,覇軍のソウルが、宿った物質を強化する。効果：追加ダメージ・追加ステータス変化発生,240,120,40,,,-1,,,
vampiric-soul,,,,Vampiric Soul,A vampiric soul enhances the material it inhabits. Effect: <CLGR>Causes a portion of damage dealt to be absorbed<CLNR>.,吸魂のソウル,吸魂のソウルが、宿った物質を強化する。効果：,241,99,33,,,-1,,,
force-soul,,,,Force Soul,A force soul enhances the material it inhabits. Effect: Adds extra damage.,理力のソウル,理力のソウルが、宿った物質を強化する。効果：追加ダメージ発生,242,120,40,,,-1,,,
awakened-soul,,,,Awakened Soul,An awakened soul enhances the material it inhabits. Effect: Bestows <CLGR>enhancement proportional to level differences<CLNR>.,覚醒のソウル,覚醒のソウルが、宿った物質を強化する。効果：,243,120,40,,,,-1,,
dynamic-soul,,,,Dynamic Soul,A dynamic soul enhances the material it inhabits. Effect: <CLGR>Increases maximum HP and bestows automatic KO revival<CLNR>.,活力のソウル,活力のソウルが、宿った物質を強化する。効果：,244,75,25,,,,-1,,
heroic-soul,,,,Heroic Soul,A heroic soul enhances the material it inhabits. Effect: <CLGR>Provides bonuses against powerful enemies and bosses<CLNR>.,英雄のソウル,英雄のソウルが、宿った物質を強化する。効果：,245,60,20,,,,-1,,
benevolent-soul,,,,Benevolent Soul,A benevolent soul enhances the material it inhabits. Effect: <CLGR>Provides bonuses against powerful enemies and bosses<CLNR>.,慈愛のソウル,慈愛のソウルが、宿った物質を強化する。効果：,246,99,33,,,,-1,,
enduring-soul,,,,Enduring Soul,An enduring soul enhances the material it inhabits. Effect: Greatly increases Break resistance and recovery speed from Breaks.,忍耐のソウル,忍耐のソウルが、宿った物質を強化する。効果：ブレイクへの耐性と、ブレイク状態からの回復速度が大幅に上昇する,247,75,25,,,,-1,,
tranquil-soul,,,,Tranquil Soul,A tranquil soul enhances the material it inhabits. Effect: Greatly increases HP and MP recovery while in the rear line.,平穏のソウル,平穏のソウルが、宿った物質を強化する。効果：後衛にいる間、ＨＰとＭＰが大きく回復するようになる,248,75,25,,,,-1,,
power-to-destroy-gods,,,,Power to Destroy Gods,Effect: Increases item's effect by 40％.,神を破壊せし力,効果：アイテムの効果が、４０％上昇する,249,99,33,-1,,,,,
power-of-gods-blessings,,,,Power of Gods' Blessings,Effect: Increases item's effect by 40％.,神に祝福されし力,効果：アイテムの効果が、４０％上昇する,250,99,33,,-1,,,,
auto-use,,,,Auto Use,Effect: This item will be used automatically when the alchemist's HP falls below 60％ in battle.,オートユーズ,効果：戦闘中、錬金術士のＨＰが６０％以下になると潜力の付いたアイテムが使用されるが、威力が大幅に下がる。,251,50,17,,-1,,,,
perfect-body,,,,Perfect Body,Effect: Increases maximum HP and MP by 50.,完璧な身体,効果：最大ＨＰと最大ＭＰが５０上昇する,252,60,20,,,,-1,,
tough-body,,,,Tough Body,"Effect: Increases defense by 30, and all base stats by 15％.",頑強な身体,効果：防御力が３０上昇し、基本のステータスが１５％上昇する,253,60,20,,,,-1,,
overflowing-power,,,,Overflowing Power,"Effect: Increases attack power by 20, and 10％ of damage dealt through attacks is absorbed into HP.",あふれ出るパワー,効果：攻撃力が２０上昇し、通常攻撃で与えたダメージの１０％を自分のＨＰに還元する,254,50,17,,,-1,,,
expert-technique,,,,Expert Technique,"Effect: Increases skill power by 25％, and also reduces skill MP consumption by 25％.",熟練者の技能,効果：スキルの威力が２５％上昇し、スキルの消費ＭＰも２５％軽減される,255,75,25,,,-1,,,
multi-bonus,,,,Multi Bonus,Effect: Increases power by number of targets affected x 20％.,マルチボーナス,効果：効果範囲の対象×２０％、威力がアップする,256,50,17,-1,-1,,,,
single-bonus,,,,Single Bonus,Effect: Increases power by 40 ÷ number of targets affected ％.,シングルボーナス,効果：４０÷効果範囲の対象％、威力がアップする,257,50,17,-1,-1,,,,
single-multiple-enhance,,,,Single & Multiple Enhance,Effect: Increases power by 25 ÷ number of targets affected ％ + number of targets affected x 15％.,単複同時強化,効果：２５÷効果範囲の対象％＋対象範囲の対象×１５％、威力がアップする,258,60,20,-1,-1,,,,
last-strike,,,,Last Strike,Effect: Increases power by 45％ when there is 1 use count left.,ラストストライク,効果：使用回数が１回の時に、威力が４５％アップする,259,50,17,-1,-1,,,,
mach-throw,,,,Mach Throw,Effect: Wait time after using the item is reduced by 50％.,マッハスロー,効果：アイテム使用時のＷＴの戻り値が、５０％短縮される,260,75,25,-1,-1,,,,
one-time-end,,,,One Time End,"Effect: The item is completely consumed after 1 use, but its power increases by use count x 7％.",ワンタイムエンド,効果：１回でアイテムを使い切る代わりに、使用回数×７％威力が増加する,261,50,17,-1,-1,,,,
count-super-enhance,,,,Count Super Enhance,Effect: Item power increases by use count x 5％.,回数ぶん超強化,効果：アイテムの威力が、使用回数×５％増加する,262,75,25,-1,-1,,,,
auto-material,,,,Auto Material,"The healing item is converted into a heal over time effect, and will also be used automatically when the alchemist's HP falls below 25％.",オートマテリアル,回復アイテムをタイム型化し、さらに錬金術士のＨＰが２５％未満になると潜力の付いたアイテムが使用される,263,75,25,,-1,,,,
avidya-attack,,,,Avidya Attack,Adds extra damage to attacks. Also increases the power of skills.,無明の追撃,攻撃に追加ダメージを発生させる。スキルの威力も上昇する,264,40,14,,,-1,,,
chaos-attack,,,,Chaos Attack,Adds a large amount of extra damage to attacks. Also greatly increases the power of skills.,快刀乱麻の追撃,攻撃に大きな追加ダメージを発生させる。スキルの威力も大きく上昇する,265,75,25,,,-1,,,
transforming-attack,,,,Transforming Attack,Adds extra damage to attacks. Also increases the power of skills.,変幻の追撃,攻撃に追加ダメージを発生させる。スキルの威力も上昇する,266,60,20,,,-1,,,
persisting-attack,,,,Persisting Attack,Adds a large amount of extra damage to attacks. Also greatly increases the power of skills.,点滴穿石の追撃,攻撃に大きな追加ダメージを発生させる。スキルの威力も大きく上昇する,267,50,17,,,-1,,,
barrage-attack,,,,Barrage Attack,Adds a large amount of extra damage to attacks. Also increases the power of skills by a small amount.,連打の追撃,攻撃に大きな追加ダメージを発生させる。スキルの威力も少し上昇する,268,20,7,,,-1,,,
jumbo-blessing,,,,Jumbo Blessing,Effect: Item's effect is enhanced by equipment frames x 10％.,ジャンボな祝福,効果：アイテムの効果を装備枠×７％強化する,269,120,40,-1,-1,,,,
legend-destruct-power,,,,Legend Destruct Power,Effect: Massively increases the attack item's effect by a fixed amount. The amount gained is inversely proportional to the original value.,秘伝の破壊力強化,効果：攻撃アイテムの効果が、固定値で飛躍的に上昇する。ただし、上昇量は元の数値に反比例する,270,120,40,-1,,,,,
legend-healing-power,,,,Legend Healing Power,Effect: Massively increases the healing item's effect by a fixed amount. The amount gained is inversely proportional to the original value.,秘伝の回復力強化,効果：回復アイテムの効果が、固定値で飛躍的に上昇する。ただし、上昇量は元の数値に反比例する,271,120,40,,-1,,,,
evolving-body,,,,Evolving Body,Effect: Increases all base stats by 33％.,エボルブボディ,効果：基本のステータスが３３％上昇する,272,120,40,,,,-1,,
property-super-enhance,,,,Property Super Enhance,Effect: Enhances the item's effect dependent on the Properties present. Stronger Properties result in vastly greater enhancement.,潜力で超強化,効果：アイテムについている潜力の強さに応じて、効果が強化される。強い潜力がついているほど超絶に強化される,273,80,27,-1,-1,,,,
hp-mp-enhance,hp-enhance,mp-enhance,,HP & MP Enhance,Effect: Increases maximum HP and MP by 15.,ＨＰＭＰ強化,効果：最大ＨＰとＭＰが１５上昇する,274,15,6,,,,-1,,
hp-mp-big-increase,hp-big-increase,mp-big-increase,,HP & MP Big Increase,Effect: Increases maximum HP and MP by 25.,ＨＰＭＰ大増量,効果：最大ＨＰとＭＰが２５上昇する,275,25,10,,,,-1,,
hp-mp-huge-enhance,hp-huge-enhance,mp-huge-enhance,,HP & MP Huge Enhance,Effect: Increases maximum HP and MP by 40.,ＨＰＭＰ大幅強化,効果：最大ＨＰとＭＰが４０上昇する,276,40,16,,,,-1,,
curse-of-powerlessness,,,,Curse of Powerlessness,Effect: Greatly reduces the target's attack power.,無力の呪詛,効果：対象の攻撃力を大幅に低下させる,277,120,30,-1,,,,,
curse-of-defenselessness,,,,Curse of Defenselessness,Effect: Greatly reduces the target's defense.,無守の呪詛,効果：対象の防御力を大幅に低下させる,278,120,30,-1,,,,,
curse-of-slowness,,,,Curse of Slowness,Effect: Greatly reduces the target's speed.,無速の呪詛,効果：対象の素早さを大幅に低下させる,279,120,30,-1,,,,,
blessing-of-strength,,,,Blessing of Strength,Effect: Greatly increases the target's attack power.,剛力の祝福,効果：対象の攻撃力を大幅に上昇させる,280,120,30,,-1,,,,
blessing-of-protection,,,,Blessing of Protection,Effect: Greatly increases the target's defense.,守護の祝福,効果：対象の防御力を大幅に上昇させる,281,120,30,,-1,,,,
blessing-of-skanda,,,,Blessing of Skanda,Effect: Greatly increases the target's speed.,韋駄天の祝福,効果：対象の素早さを大幅に上昇させる,282,120,30,,-1,,,,
soul-dwelling,,,,Soul Dwelling,Effect: Greatly increases the target's level.,魂宿り,効果：対象のレベルを大幅に上昇させる,283,120,30,,-1,,,,
wait-time-enhance,,,,Wait Time Enhance,"Enhances the item's power by a small amount, dependent on the wait time after using it.",待機時間強化,アイテムの威力が、使用後の待ち時間に比例して少しだけ強化される,284,15,5,-1,-1,,,,
wait-time-enhance-plus,,,,Wait Time Enhance+,"Enhances the item's power by a fair amount, dependent on the wait time after using it.",待機時間強化＋,アイテムの威力が、使用後の待ち時間に比例してやや強化される,285,30,10,-1,-1,,,,
charge-item,wait-time-enhance,wait-time-enhance-plus,,Charge Item,"Enhances the item's power, dependent on the wait time after using it.",チャージアイテム,アイテムの威力が、使用後の待ち時間に比例して強化される,286,60,15,-1,-1,,,,
power-throw,,,,Power Throw,"Increases the power of the item by a small amount, as well as the wait time after using it.",パワースロー,アイテムを使った後の待ち時間が少し延びる代わりに、威力も少し上昇する,287,15,5,-1,-1,,,,
power-throw-plus,,,,Power Throw+,"Increases the power of the item, as well as the wait time after using it.",パワースロー＋,アイテムを使った後の待ち時間が延びる代わりに、威力も上昇する,288,30,10,-1,-1,,,,
strong-throw,power-throw,power-throw-plus,,Strong Throw,"Increases the power of the item by a large amount, as well as the wait time after using it.",強力な投げ込み,アイテムを使った後の待ち時間が大きく延びる代わりに、威力も大きく上昇する,289,60,15,-1,-1,,,,
super-skills,,,,Super Skills,Effect: Increases the power and cost of skills by 35％.,スーパースキル,効果：スキルの威力とコストが３５％上昇する,290,50,17,,,-1,,,
annihilation-attack,,,,Annihilation Attack,Effect: Deals additional damage to the target. The variation in power is very large.,絶命の追撃,効果：対象に追加ダメージが発生する。威力の幅が非常に大きい,291,50,17,,,-1,,,
follow-up-enhance,,,,Follow Up Enhance,Effect: Increases damage done to Broken enemies by 10％.,追い討ち強化,効果：ブレイク中の敵に与えるダメージが１０％上昇する,292,3,1,-1,,,,,
follow-up-enhance-plus,,,,Follow Up Enhance+,Effect: Increases damage done to Broken enemies by 20％.,追い討ち強化＋,効果：ブレイク中の敵に与えるダメージが２０％上昇する,293,6,2,-1,,,,,
follow-up-enhance-plus-plus,,,,Follow Up Enhance++,Effect: Increases damage done to Broken enemies by 30％.,追い討ち強化＋＋,効果：ブレイク中の敵に与えるダメージが３０％上昇する,294,9,3,-1,,,,,
pitiless-attack,follow-up-enhance,,,Pitiless Attack,Effect: Increases damage done to Broken enemies by 20％.,情け無用の一撃,効果：ブレイク中の敵に与えるダメージが２０％上昇する,295,10,4,-1,,,,,
full-on-attack,follow-up-enhance-plus,follow-up-enhance-plus-plus,,Full On Attack,Effect: Increases damage done to Broken enemies by 40％.,手加減無しの一撃,効果：ブレイク中の敵に与えるダメージが４０％上昇する,296,18,6,-1,,,,,
merciless-attack,pitiless-attack,full-on-attack,,Merciless Attack,Effect: Increases damage done to Broken enemies by 60％.,無慈悲な一撃,効果：ブレイク中の敵に与えるダメージが６０％上昇する,297,30,10,-1,,,,,
extra-attack,,,,Extra Attack,Effect: Adds a minute amount of extra damage to attacks.,追加攻撃,効果：攻撃時に微小な追加ダメージを発生させる,298,4,2,,,-1,,,
extra-attack-plus,,,,Extra Attack+,Effect: Adds a small amount of extra damage to attacks.,追加攻撃＋,効果：攻撃時に小さな追加ダメージを発生させる,299,7,3,,,-1,,,
extra-attack-plus-plus,,,,Extra Attack++,Effect: Adds a fair amount of extra damage to attacks.,追加攻撃＋＋,効果：攻撃時にやや小さな追加ダメージを発生させる,300,10,4,,,-1,,,
sub-attack,extra-attack,extra-attack-plus,,Sub Attack,Effect: Adds extra damage to attacks.,サブアタック,効果：攻撃時に追加ダメージを発生させる,301,10,4,,,-1,,,
double-attack,extra-attack-plus,extra-attack-plus-plus,,Double Attack,Effect: Adds a moderate amount of extra damage to attacks.,ダブルアタック,効果：攻撃時に中程度の追加ダメージを発生させる,302,15,5,,,-1,,,
multi-attack,sub-attack,double-attack,,Multi Attack,Effect: Adds a large amount of extra damage to attacks.,マルチアタック,効果：攻撃時に大きなの追加ダメージを発生させる,303,30,10,,,-1,,,
burst-addition,,,,Burst Addition,Effect: Slightly increases the amount of Burst Gauge gained when attacking.,バースト加算,効果：攻撃したときのバーストゲージの上昇量がわずかに上昇する,304,5,2,,,-1,,,
burst-addition-plus,,,,Burst Addition +,Effect: Increases the amount of Burst Gauge gained when attacking by a small amount.,バースト加算＋,効果：攻撃したときのバーストゲージの上昇量が少しだけ上昇する,305,10,4,,,-1,,,
burst-addition-plus-plus,,,,Burst Addition ++,Effect: Somewhat increases the amount of Burst Gauge gained when attacking.,バースト加算＋＋,効果：攻撃したときのバーストゲージの上昇量が多少上昇する,306,20,7,,,-1,,,
burst-plus,burst-addition,burst-addition-plus,,Burst Plus,Effect: Increases the amount of Burst Gauge gained when attacking by a fair amount.,バーストプラス,効果：攻撃したときのバーストゲージの上昇量がやや上昇する,307,15,5,,,-1,,,
burst-up,burst-addition-plus,burst-addition-plus-plus,,Burst Up,Effect: Increases the amount of Burst Gauge gained when attacking.,バーストアップ,効果：攻撃したときのバーストゲージの上昇量が上昇する,308,30,10,,,-1,,,
twin-burst,burst-plus,burst-up,,Twin Burst,Effect: Increases the amount of Burst Gauge gained when attacking by a large amount.,ツインバースト,効果：攻撃したときのバーストゲージの上昇量が大きく上昇する,309,50,17,,,-1,,,
synthesis-skill-increase,,,,Synthesis Skill Increase,Skill frames increase by 1 (to a maximum of 4). Only has an effect when this item is used as a material for Synthesis.,調合スキル枠増加,スキル枠が１つ増える（最大４枠）。これは調合時に材料として使用した場合にのみ効果を発揮する,310,-1,15,-1,-1,-1,-1,-1,
synthesis-chain-increase,,,,Synthesis Chain Increase,Increases the base Chain Count by 3. Only has an effect when this item is used as a material for Synthesis.,調合チェイン増加,チェインの基本上昇値が３増える。これは調合時に材料として使用した場合にのみ効果を発揮する,311,-1,10,-1,-1,-1,-1,-1,
elemental-attribute-f,,,,Elemental Attribute-F,Adds the Fire elemental attribute. Only has an effect when this item is used as a material for Synthesis.,影響属性・火,影響属性に火を付与する。これは調合時に材料として使用した場合にのみ効果を発揮する,312,-1,8,-1,-1,-1,-1,-1,
elemental-attribute-w,,,,Elemental Attribute-W,Adds the Water elemental attribute. Only has an effect when this item is used as a material for Synthesis.,影響属性・水,影響属性に水を付与する。これは調合時に材料として使用した場合にのみ効果を発揮する,313,-1,8,-1,-1,-1,-1,-1,
elemental-attribute-wd,,,,Elemental Attribute-Wd,Adds the Wind elemental attribute. Only has an effect when this item is used as a material for Synthesis.,影響属性・風,影響属性に風を付与する。これは調合時に材料として使用した場合にのみ効果を発揮する,314,-1,8,-1,-1,-1,-1,-1,
elemental-attribute-e,,,,Elemental Attribute-E,Adds the Earth elemental attribute. Only has an effect when this item is used as a material for Synthesis.,影響属性・土,影響属性に土を付与する。これは調合時に材料として使用した場合にのみ効果を発揮する,315,-1,8,-1,-1,-1,-1,-1,
property-level-increase,,,,Property Level Increase,Increases Property level by 1 (to a maximum of 3). Only has an effect when this item is used as a material for Synthesis.,潜力レベル上昇,潜力のレベルを１つ上げる（最大３）。これは調合時に材料として使用した場合にのみ効果を発揮する,316,-1,10,-1,-1,-1,-1,-1,
property-skill-activation,,,,Property Skill Activation,Allows the use of special Synthesis skills when this item is used as a material. Multiple instances of this will enhance the effect of the skill.,潜力スキル発動,調合時に材料として使用した時、特別な調合スキルを使用する事ができる。複数ある場合、その調合スキルは強化される,317,-1,15,-1,-1,-1,-1,-1,